ner_prec_micro;ner_rec_micro;ner_f1_micro;ner_prec_macro;ner_rec_macro;ner_f1_macro;rel_prec_micro;rel_rec_micro;rel_f1_micro;rel_prec_macro;rel_rec_macro;rel_f1_macro;rel_nec_prec_micro;rel_nec_rec_micro;rel_nec_f1_micro;rel_nec_prec_macro;rel_nec_rec_macro;rel_nec_f1_macro;epoch;iteration;global_iteration
94.54939000393546;98.3724024976968;96.42301710730948;94.6568372582473;98.43131597555433;96.50611199622753;88.62248696947134;96.68562144597888;92.47863247863248;88.62248696947134;96.68562144597888;92.47863247863248;88.60759493670885;96.6693744922827;92.46309246309245;88.60759493670885;96.6693744922827;92.46309246309245;5;0;9610
