ner_prec_micro;ner_rec_micro;ner_f1_micro;ner_prec_macro;ner_rec_macro;ner_f1_macro;rel_prec_micro;rel_rec_micro;rel_f1_micro;rel_prec_macro;rel_rec_macro;rel_f1_macro;rel_nec_prec_micro;rel_nec_rec_micro;rel_nec_f1_micro;rel_nec_prec_macro;rel_nec_rec_macro;rel_nec_f1_macro;epoch;iteration;global_iteration
84.47725458898643;96.71082686158063;90.18104366347178;69.63519612551978;76.15271319071695;70.44472574100826;59.001512859304086;97.98994974874373;73.6543909348442;59.001512859304086;97.98994974874373;73.6543909348442;55.06807866868382;91.4572864321608;68.74409820585458;55.06807866868382;91.4572864321608;68.74409820585458;0;0;0
